PRAGMA foreign_keys=OFF;
BEGIN TRANSACTION;
CREATE TABLE IF NOT EXISTS "django_migrations" ("id" integer NOT NULL PRIMARY KEY AUTOINCREMENT, "app" varchar(255) NOT NULL, "name" varchar(255) NOT NULL, "applied" datetime NOT NULL);
INSERT INTO django_migrations VALUES(1,'a_userauth','0001_initial','2024-11-23 20:24:32.997297');
INSERT INTO django_migrations VALUES(2,'a_work','0001_initial','2024-11-23 20:24:33.179962');
INSERT INTO django_migrations VALUES(3,'a_bookmarks','0001_initial','2024-11-23 20:24:33.193132');
INSERT INTO django_migrations VALUES(4,'a_bookmarks','0002_initial','2024-11-23 20:24:33.334821');
INSERT INTO django_migrations VALUES(5,'a_notifications','0001_initial','2024-11-23 20:24:33.460579');
INSERT INTO django_migrations VALUES(6,'a_notifications','0002_alter_notification_type','2024-11-23 20:24:33.488039');
INSERT INTO django_migrations VALUES(7,'a_notifications','0003_alter_notification_type','2024-11-23 20:24:33.521057');
INSERT INTO django_migrations VALUES(8,'a_notifications','0004_remove_notification_is_read_and_more','2024-11-23 20:24:33.660931');
INSERT INTO django_migrations VALUES(9,'a_notifications','0005_alter_notificationuser_notification_and_more','2024-11-23 20:24:33.748406');
INSERT INTO django_migrations VALUES(10,'a_notifications','0006_alter_notification_options','2024-11-23 20:24:33.825053');
INSERT INTO django_migrations VALUES(11,'a_notifications','0007_alter_notificationuser_notification_and_more','2024-11-23 20:24:33.934951');
INSERT INTO django_migrations VALUES(12,'a_notifications','0008_alter_notificationuser_notification_and_more','2024-11-23 20:24:33.981850');
INSERT INTO django_migrations VALUES(13,'a_notifications','0009_alter_notification_type','2024-11-23 20:24:34.022871');
INSERT INTO django_migrations VALUES(14,'a_onboarding','0001_initial','2024-11-23 20:24:34.080928');
INSERT INTO django_migrations VALUES(15,'a_preferences','0001_initial','2024-11-23 20:24:34.238506');
INSERT INTO django_migrations VALUES(16,'a_profile','0001_initial','2024-11-23 20:24:34.252027');
INSERT INTO django_migrations VALUES(17,'a_profile','0002_initial','2024-11-23 20:24:34.307079');
INSERT INTO django_migrations VALUES(18,'a_profile','0003_rename_location_profile_country_profile_county_and_more','2024-11-23 20:24:34.420259');
INSERT INTO django_migrations VALUES(19,'a_profile','0004_alter_socialmedialink_unique_together','2024-11-23 20:24:34.436340');
INSERT INTO django_migrations VALUES(20,'a_profile','0005_remove_profile_country_remove_profile_county_and_more','2024-11-23 20:24:34.572350');
INSERT INTO django_migrations VALUES(21,'a_profile','0006_profile_country_profile_county_profile_linkedin_and_more','2024-11-23 20:24:34.741629');
INSERT INTO django_migrations VALUES(22,'a_profile','0007_alter_profile_linkedin','2024-11-23 20:24:34.835395');
INSERT INTO django_migrations VALUES(23,'a_profile','0008_alter_profile_linkedin','2024-11-23 20:24:34.881430');
INSERT INTO django_migrations VALUES(24,'a_revisions','0001_initial','2024-11-23 20:24:34.907146');
INSERT INTO django_migrations VALUES(25,'a_revisions','0002_initial','2024-11-23 20:24:35.061137');
INSERT INTO django_migrations VALUES(26,'a_revisions','0003_rename_is_open_revision_opened_by_reviewer_and_more','2024-11-23 20:24:35.269176');
INSERT INTO django_migrations VALUES(27,'a_revisions','0004_alter_revisionmessage_file_and_more','2024-11-23 20:24:35.367096');
INSERT INTO django_migrations VALUES(28,'a_revisions','0005_alter_revision_options','2024-11-23 20:24:35.400163');
INSERT INTO django_migrations VALUES(29,'a_revisions','0006_alter_revision_opened_by_reviewer','2024-11-23 20:24:35.481850');
INSERT INTO django_migrations VALUES(30,'a_revisions','0007_alter_revisionmessage_message','2024-11-23 20:24:35.523031');
INSERT INTO django_migrations VALUES(31,'a_submissions','0001_initial','2024-11-23 20:24:35.556046');
INSERT INTO django_migrations VALUES(32,'a_submissions','0002_initial','2024-11-23 20:24:35.660450');
INSERT INTO django_migrations VALUES(33,'a_submissions','0003_alter_submission_options','2024-11-23 20:24:35.713222');
INSERT INTO django_migrations VALUES(34,'a_submissions','0004_submission_claimed_by_submission_is_claimed','2024-11-23 20:24:35.792420');
INSERT INTO django_migrations VALUES(35,'a_submissions','0005_alter_submission_file','2024-11-23 20:24:35.845678');
INSERT INTO django_migrations VALUES(36,'a_submissions','0006_alter_submission_file','2024-11-23 20:24:35.898876');
INSERT INTO django_migrations VALUES(37,'a_submissions','0007_alter_submission_claimed_by','2024-11-23 20:24:35.983598');
INSERT INTO django_migrations VALUES(38,'contenttypes','0001_initial','2024-11-23 20:24:36.023310');
INSERT INTO django_migrations VALUES(39,'contenttypes','0002_remove_content_type_name','2024-11-23 20:24:36.116950');
INSERT INTO django_migrations VALUES(40,'auth','0001_initial','2024-11-23 20:24:36.164094');
INSERT INTO django_migrations VALUES(41,'auth','0002_alter_permission_name_max_length','2024-11-23 20:24:36.196062');
INSERT INTO django_migrations VALUES(42,'auth','0003_alter_user_email_max_length','2024-11-23 20:24:36.219897');
INSERT INTO django_migrations VALUES(43,'auth','0004_alter_user_username_opts','2024-11-23 20:24:36.250617');
INSERT INTO django_migrations VALUES(44,'auth','0005_alter_user_last_login_null','2024-11-23 20:24:36.282273');
INSERT INTO django_migrations VALUES(45,'auth','0006_require_contenttypes_0002','2024-11-23 20:24:36.290311');
INSERT INTO django_migrations VALUES(46,'auth','0007_alter_validators_add_error_messages','2024-11-23 20:24:36.320992');
INSERT INTO django_migrations VALUES(47,'auth','0008_alter_user_username_max_length','2024-11-23 20:24:36.343333');
INSERT INTO django_migrations VALUES(48,'auth','0009_alter_user_last_name_max_length','2024-11-23 20:24:36.369462');
INSERT INTO django_migrations VALUES(49,'auth','0010_alter_group_name_max_length','2024-11-23 20:24:36.401125');
INSERT INTO django_migrations VALUES(50,'auth','0011_update_proxy_permissions','2024-11-23 20:24:36.452910');
INSERT INTO django_migrations VALUES(51,'auth','0012_alter_user_first_name_max_length','2024-11-23 20:24:36.473997');
INSERT INTO django_migrations VALUES(52,'a_userauth','0002_initial','2024-11-23 20:24:36.842094');
INSERT INTO django_migrations VALUES(53,'a_userauth','0003_alter_customuser_options','2024-11-23 20:24:36.938498');
INSERT INTO django_migrations VALUES(54,'a_userauth','0004_alter_registrationcode_code','2024-11-23 20:24:37.087320');
INSERT INTO django_migrations VALUES(55,'a_userauth','0005_customuser_temporary_email','2024-11-23 20:24:37.158055');
INSERT INTO django_migrations VALUES(56,'a_work','0002_work_assigned_is_read_work_uptaken_is_read','2024-11-23 20:24:37.379801');
INSERT INTO django_migrations VALUES(57,'a_work','0003_alter_defaultwork_table','2024-11-23 20:24:37.511374');
INSERT INTO django_migrations VALUES(58,'a_work','0004_alter_defaultwork_options_alter_work_options','2024-11-23 20:24:37.657113');
INSERT INTO django_migrations VALUES(59,'a_work','0005_remove_work_revoked_by_delete_revokedwork','2024-11-23 20:24:37.713547');
INSERT INTO django_migrations VALUES(60,'admin','0001_initial','2024-11-23 20:24:37.801845');
INSERT INTO django_migrations VALUES(61,'admin','0002_logentry_remove_auto_add','2024-11-23 20:24:37.895148');
INSERT INTO django_migrations VALUES(62,'admin','0003_logentry_add_action_flag_choices','2024-11-23 20:24:37.948699');
INSERT INTO django_migrations VALUES(63,'sessions','0001_initial','2024-11-23 20:24:37.969028');
CREATE TABLE IF NOT EXISTS "default_work" ("id" integer NOT NULL PRIMARY KEY AUTOINCREMENT, "created_at" datetime NOT NULL, "updated_at" datetime NOT NULL, "type" varchar(20) NOT NULL, "user_id" bigint NOT NULL REFERENCES "users" ("id") DEFERRABLE INITIALLY DEFERRED, "work_id" bigint NOT NULL REFERENCES "work" ("id") DEFERRABLE INITIALLY DEFERRED);
CREATE TABLE IF NOT EXISTS "work_files" ("id" integer NOT NULL PRIMARY KEY AUTOINCREMENT, "created_at" datetime NOT NULL, "updated_at" datetime NOT NULL, "file" varchar(100) NOT NULL, "work_id" bigint NOT NULL REFERENCES "work" ("id") DEFERRABLE INITIALLY DEFERRED);
CREATE TABLE IF NOT EXISTS "work_images" ("id" integer NOT NULL PRIMARY KEY AUTOINCREMENT, "created_at" datetime NOT NULL, "updated_at" datetime NOT NULL, "image" varchar(100) NULL, "work_id" bigint NOT NULL REFERENCES "work" ("id") DEFERRABLE INITIALLY DEFERRED);
CREATE TABLE IF NOT EXISTS "bookmarks" ("id" integer NOT NULL PRIMARY KEY AUTOINCREMENT, "created_at" datetime NOT NULL, "updated_at" datetime NOT NULL, "user_id" bigint NOT NULL REFERENCES "users" ("id") DEFERRABLE INITIALLY DEFERRED, "work_id" bigint NOT NULL REFERENCES "work" ("id") DEFERRABLE INITIALLY DEFERRED);
CREATE TABLE IF NOT EXISTS "notification_user" ("id" integer NOT NULL PRIMARY KEY AUTOINCREMENT, "created_at" datetime NOT NULL, "updated_at" datetime NOT NULL, "is_read" bool NOT NULL, "notification_id" bigint NOT NULL REFERENCES "notifications" ("id") DEFERRABLE INITIALLY DEFERRED, "user_id" bigint NOT NULL REFERENCES "users" ("id") DEFERRABLE INITIALLY DEFERRED);
CREATE TABLE IF NOT EXISTS "notifications" ("id" integer NOT NULL PRIMARY KEY AUTOINCREMENT, "created_at" datetime NOT NULL, "updated_at" datetime NOT NULL, "message" text NOT NULL, "type" varchar(50) NOT NULL, "triggered_by_id" bigint NULL REFERENCES "users" ("id") DEFERRABLE INITIALLY DEFERRED, "work_id" bigint NULL REFERENCES "work" ("id") DEFERRABLE INITIALLY DEFERRED);
CREATE TABLE IF NOT EXISTS "onboarding" ("id" integer NOT NULL PRIMARY KEY AUTOINCREMENT, "created_at" datetime NOT NULL, "updated_at" datetime NOT NULL, "details_filled" bool NOT NULL, "profile_completed" bool NOT NULL, "password_changed" bool NOT NULL, "user_id" bigint NOT NULL UNIQUE REFERENCES "users" ("id") DEFERRABLE INITIALLY DEFERRED);
CREATE TABLE IF NOT EXISTS "preferences" ("id" integer NOT NULL PRIMARY KEY AUTOINCREMENT, "created_at" datetime NOT NULL, "updated_at" datetime NOT NULL, "dark_mode" bool NOT NULL, "user_id" bigint NOT NULL UNIQUE REFERENCES "users" ("id") DEFERRABLE INITIALLY DEFERRED);
CREATE TABLE IF NOT EXISTS "social_media_links" ("id" integer NOT NULL PRIMARY KEY AUTOINCREMENT, "created_at" datetime NOT NULL, "updated_at" datetime NOT NULL, "platform" varchar(100) NOT NULL, "url" varchar(200) NOT NULL, "profile_id" bigint NOT NULL REFERENCES "profiles" ("id") DEFERRABLE INITIALLY DEFERRED);
CREATE TABLE IF NOT EXISTS "profiles" ("id" integer NOT NULL PRIMARY KEY AUTOINCREMENT, "created_at" datetime NOT NULL, "updated_at" datetime NOT NULL, "profile_picture" varchar(100) NULL, "bio" text NOT NULL, "country" varchar(100) NOT NULL, "county" varchar(100) NOT NULL, "phone_number" varchar(20) NOT NULL, "user_id" bigint NOT NULL UNIQUE REFERENCES "users" ("id") DEFERRABLE INITIALLY DEFERRED, "linkedin" varchar(200) NULL);
CREATE TABLE IF NOT EXISTS "revisions" ("id" integer NOT NULL PRIMARY KEY AUTOINCREMENT, "created_at" datetime NOT NULL, "updated_at" datetime NOT NULL, "submit_before" datetime NOT NULL, "status" varchar(100) NOT NULL, "reviewer_id" bigint NOT NULL REFERENCES "users" ("id") DEFERRABLE INITIALLY DEFERRED, "work_id" bigint NOT NULL REFERENCES "work" ("id") DEFERRABLE INITIALLY DEFERRED, "opened_by_writer" bool NOT NULL, "opened_by_reviewer" bool NOT NULL);
CREATE TABLE IF NOT EXISTS "revision_messages" ("id" integer NOT NULL PRIMARY KEY AUTOINCREMENT, "created_at" datetime NOT NULL, "updated_at" datetime NOT NULL, "file" varchar(100) NULL, "image" varchar(100) NULL, "is_read" bool NOT NULL, "revision_id" bigint NOT NULL REFERENCES "revisions" ("id") DEFERRABLE INITIALLY DEFERRED, "sender_id" bigint NULL REFERENCES "users" ("id") DEFERRABLE INITIALLY DEFERRED, "message" text NULL);
CREATE TABLE IF NOT EXISTS "submissions" ("id" integer NOT NULL PRIMARY KEY AUTOINCREMENT, "created_at" datetime NOT NULL, "updated_at" datetime NOT NULL, "message" text NOT NULL, "sender_id" bigint NULL REFERENCES "users" ("id") DEFERRABLE INITIALLY DEFERRED, "work_id" bigint NOT NULL REFERENCES "work" ("id") DEFERRABLE INITIALLY DEFERRED, "claimed_by_id" bigint NULL REFERENCES "users" ("id") DEFERRABLE INITIALLY DEFERRED, "is_claimed" bool NOT NULL, "file" varchar(100) NULL);
CREATE TABLE IF NOT EXISTS "django_content_type" ("id" integer NOT NULL PRIMARY KEY AUTOINCREMENT, "app_label" varchar(100) NOT NULL, "model" varchar(100) NOT NULL);
INSERT INTO django_content_type VALUES(1,'admin','logentry');
INSERT INTO django_content_type VALUES(2,'auth','permission');
INSERT INTO django_content_type VALUES(3,'auth','group');
INSERT INTO django_content_type VALUES(4,'contenttypes','contenttype');
INSERT INTO django_content_type VALUES(5,'sessions','session');
INSERT INTO django_content_type VALUES(6,'a_userauth','customuser');
INSERT INTO django_content_type VALUES(7,'a_userauth','emailotp');
INSERT INTO django_content_type VALUES(8,'a_userauth','registrationcode');
INSERT INTO django_content_type VALUES(9,'a_work','work');
INSERT INTO django_content_type VALUES(10,'a_work','defaultwork');
INSERT INTO django_content_type VALUES(11,'a_work','workfile');
INSERT INTO django_content_type VALUES(12,'a_work','workimage');
INSERT INTO django_content_type VALUES(13,'a_profile','profile');
INSERT INTO django_content_type VALUES(14,'a_profile','socialmedialink');
INSERT INTO django_content_type VALUES(15,'a_revisions','revision');
INSERT INTO django_content_type VALUES(16,'a_revisions','revisionmessage');
INSERT INTO django_content_type VALUES(17,'a_submissions','submission');
INSERT INTO django_content_type VALUES(18,'a_onboarding','onboarding');
INSERT INTO django_content_type VALUES(19,'a_bookmarks','bookmark');
INSERT INTO django_content_type VALUES(20,'a_notifications','notification');
INSERT INTO django_content_type VALUES(21,'a_notifications','notificationuser');
INSERT INTO django_content_type VALUES(22,'a_preferences','preference');
CREATE TABLE IF NOT EXISTS "auth_group_permissions" ("id" integer NOT NULL PRIMARY KEY AUTOINCREMENT, "group_id" integer NOT NULL REFERENCES "auth_group" ("id") DEFERRABLE INITIALLY DEFERRED, "permission_id" integer NOT NULL REFERENCES "auth_permission" ("id") DEFERRABLE INITIALLY DEFERRED);
CREATE TABLE IF NOT EXISTS "auth_permission" ("id" integer NOT NULL PRIMARY KEY AUTOINCREMENT, "content_type_id" integer NOT NULL REFERENCES "django_content_type" ("id") DEFERRABLE INITIALLY DEFERRED, "codename" varchar(100) NOT NULL, "name" varchar(255) NOT NULL);
INSERT INTO auth_permission VALUES(1,1,'add_logentry','Can add log entry');
INSERT INTO auth_permission VALUES(2,1,'change_logentry','Can change log entry');
INSERT INTO auth_permission VALUES(3,1,'delete_logentry','Can delete log entry');
INSERT INTO auth_permission VALUES(4,1,'view_logentry','Can view log entry');
INSERT INTO auth_permission VALUES(5,2,'add_permission','Can add permission');
INSERT INTO auth_permission VALUES(6,2,'change_permission','Can change permission');
INSERT INTO auth_permission VALUES(7,2,'delete_permission','Can delete permission');
INSERT INTO auth_permission VALUES(8,2,'view_permission','Can view permission');
INSERT INTO auth_permission VALUES(9,3,'add_group','Can add group');
INSERT INTO auth_permission VALUES(10,3,'change_group','Can change group');
INSERT INTO auth_permission VALUES(11,3,'delete_group','Can delete group');
INSERT INTO auth_permission VALUES(12,3,'view_group','Can view group');
INSERT INTO auth_permission VALUES(13,4,'add_contenttype','Can add content type');
INSERT INTO auth_permission VALUES(14,4,'change_contenttype','Can change content type');
INSERT INTO auth_permission VALUES(15,4,'delete_contenttype','Can delete content type');
INSERT INTO auth_permission VALUES(16,4,'view_contenttype','Can view content type');
INSERT INTO auth_permission VALUES(17,5,'add_session','Can add session');
INSERT INTO auth_permission VALUES(18,5,'change_session','Can change session');
INSERT INTO auth_permission VALUES(19,5,'delete_session','Can delete session');
INSERT INTO auth_permission VALUES(20,5,'view_session','Can view session');
INSERT INTO auth_permission VALUES(21,6,'add_customuser','Can add custom user');
INSERT INTO auth_permission VALUES(22,6,'change_customuser','Can change custom user');
INSERT INTO auth_permission VALUES(23,6,'delete_customuser','Can delete custom user');
INSERT INTO auth_permission VALUES(24,6,'view_customuser','Can view custom user');
INSERT INTO auth_permission VALUES(25,7,'add_emailotp','Can add email otp');
INSERT INTO auth_permission VALUES(26,7,'change_emailotp','Can change email otp');
INSERT INTO auth_permission VALUES(27,7,'delete_emailotp','Can delete email otp');
INSERT INTO auth_permission VALUES(28,7,'view_emailotp','Can view email otp');
INSERT INTO auth_permission VALUES(29,8,'add_registrationcode','Can add registration code');
INSERT INTO auth_permission VALUES(30,8,'change_registrationcode','Can change registration code');
INSERT INTO auth_permission VALUES(31,8,'delete_registrationcode','Can delete registration code');
INSERT INTO auth_permission VALUES(32,8,'view_registrationcode','Can view registration code');
INSERT INTO auth_permission VALUES(33,9,'add_work','Can add work');
INSERT INTO auth_permission VALUES(34,9,'change_work','Can change work');
INSERT INTO auth_permission VALUES(35,9,'delete_work','Can delete work');
INSERT INTO auth_permission VALUES(36,9,'view_work','Can view work');
INSERT INTO auth_permission VALUES(37,10,'add_defaultwork','Can add default work');
INSERT INTO auth_permission VALUES(38,10,'change_defaultwork','Can change default work');
INSERT INTO auth_permission VALUES(39,10,'delete_defaultwork','Can delete default work');
INSERT INTO auth_permission VALUES(40,10,'view_defaultwork','Can view default work');
INSERT INTO auth_permission VALUES(41,11,'add_workfile','Can add work file');
INSERT INTO auth_permission VALUES(42,11,'change_workfile','Can change work file');
INSERT INTO auth_permission VALUES(43,11,'delete_workfile','Can delete work file');
INSERT INTO auth_permission VALUES(44,11,'view_workfile','Can view work file');
INSERT INTO auth_permission VALUES(45,12,'add_workimage','Can add work image');
INSERT INTO auth_permission VALUES(46,12,'change_workimage','Can change work image');
INSERT INTO auth_permission VALUES(47,12,'delete_workimage','Can delete work image');
INSERT INTO auth_permission VALUES(48,12,'view_workimage','Can view work image');
INSERT INTO auth_permission VALUES(49,13,'add_profile','Can add profile');
INSERT INTO auth_permission VALUES(50,13,'change_profile','Can change profile');
INSERT INTO auth_permission VALUES(51,13,'delete_profile','Can delete profile');
INSERT INTO auth_permission VALUES(52,13,'view_profile','Can view profile');
INSERT INTO auth_permission VALUES(53,14,'add_socialmedialink','Can add social media link');
INSERT INTO auth_permission VALUES(54,14,'change_socialmedialink','Can change social media link');
INSERT INTO auth_permission VALUES(55,14,'delete_socialmedialink','Can delete social media link');
INSERT INTO auth_permission VALUES(56,14,'view_socialmedialink','Can view social media link');
INSERT INTO auth_permission VALUES(57,15,'add_revision','Can add revision');
INSERT INTO auth_permission VALUES(58,15,'change_revision','Can change revision');
INSERT INTO auth_permission VALUES(59,15,'delete_revision','Can delete revision');
INSERT INTO auth_permission VALUES(60,15,'view_revision','Can view revision');
INSERT INTO auth_permission VALUES(61,16,'add_revisionmessage','Can add revision message');
INSERT INTO auth_permission VALUES(62,16,'change_revisionmessage','Can change revision message');
INSERT INTO auth_permission VALUES(63,16,'delete_revisionmessage','Can delete revision message');
INSERT INTO auth_permission VALUES(64,16,'view_revisionmessage','Can view revision message');
INSERT INTO auth_permission VALUES(65,17,'add_submission','Can add submission');
INSERT INTO auth_permission VALUES(66,17,'change_submission','Can change submission');
INSERT INTO auth_permission VALUES(67,17,'delete_submission','Can delete submission');
INSERT INTO auth_permission VALUES(68,17,'view_submission','Can view submission');
INSERT INTO auth_permission VALUES(69,18,'add_onboarding','Can add onboarding');
INSERT INTO auth_permission VALUES(70,18,'change_onboarding','Can change onboarding');
INSERT INTO auth_permission VALUES(71,18,'delete_onboarding','Can delete onboarding');
INSERT INTO auth_permission VALUES(72,18,'view_onboarding','Can view onboarding');
INSERT INTO auth_permission VALUES(73,19,'add_bookmark','Can add bookmark');
INSERT INTO auth_permission VALUES(74,19,'change_bookmark','Can change bookmark');
INSERT INTO auth_permission VALUES(75,19,'delete_bookmark','Can delete bookmark');
INSERT INTO auth_permission VALUES(76,19,'view_bookmark','Can view bookmark');
INSERT INTO auth_permission VALUES(77,20,'add_notification','Can add notification');
INSERT INTO auth_permission VALUES(78,20,'change_notification','Can change notification');
INSERT INTO auth_permission VALUES(79,20,'delete_notification','Can delete notification');
INSERT INTO auth_permission VALUES(80,20,'view_notification','Can view notification');
INSERT INTO auth_permission VALUES(81,21,'add_notificationuser','Can add notification user');
INSERT INTO auth_permission VALUES(82,21,'change_notificationuser','Can change notification user');
INSERT INTO auth_permission VALUES(83,21,'delete_notificationuser','Can delete notification user');
INSERT INTO auth_permission VALUES(84,21,'view_notificationuser','Can view notification user');
INSERT INTO auth_permission VALUES(85,22,'add_preference','Can add preference');
INSERT INTO auth_permission VALUES(86,22,'change_preference','Can change preference');
INSERT INTO auth_permission VALUES(87,22,'delete_preference','Can delete preference');
INSERT INTO auth_permission VALUES(88,22,'view_preference','Can view preference');
CREATE TABLE IF NOT EXISTS "auth_group" ("id" integer NOT NULL PRIMARY KEY AUTOINCREMENT, "name" varchar(150) NOT NULL UNIQUE);
CREATE TABLE IF NOT EXISTS "users" ("id" integer NOT NULL PRIMARY KEY AUTOINCREMENT, "password" varchar(128) NOT NULL, "last_login" datetime NULL, "is_superuser" bool NOT NULL, "created_at" datetime NOT NULL, "updated_at" datetime NOT NULL, "registration_number" varchar(100) NOT NULL UNIQUE, "email" varchar(254) NULL UNIQUE, "first_name" varchar(50) NOT NULL, "last_name" varchar(50) NOT NULL, "role" varchar(25) NOT NULL, "date_joined" datetime NOT NULL, "is_staff" bool NOT NULL, "is_active" bool NOT NULL, "is_verified" bool NOT NULL, "temporary_email" varchar(254) NULL);
CREATE TABLE IF NOT EXISTS "users_groups" ("id" integer NOT NULL PRIMARY KEY AUTOINCREMENT, "customuser_id" bigint NOT NULL REFERENCES "users" ("id") DEFERRABLE INITIALLY DEFERRED, "group_id" integer NOT NULL REFERENCES "auth_group" ("id") DEFERRABLE INITIALLY DEFERRED);
CREATE TABLE IF NOT EXISTS "users_user_permissions" ("id" integer NOT NULL PRIMARY KEY AUTOINCREMENT, "customuser_id" bigint NOT NULL REFERENCES "users" ("id") DEFERRABLE INITIALLY DEFERRED, "permission_id" integer NOT NULL REFERENCES "auth_permission" ("id") DEFERRABLE INITIALLY DEFERRED);
CREATE TABLE IF NOT EXISTS "OTP" ("id" integer NOT NULL PRIMARY KEY AUTOINCREMENT, "otp" varchar(6) NOT NULL, "temp_token" char(32) NOT NULL, "timestamp" datetime NOT NULL, "user_id" bigint NOT NULL UNIQUE REFERENCES "users" ("id") DEFERRABLE INITIALLY DEFERRED);
CREATE TABLE IF NOT EXISTS "registration_codes" ("id" integer NOT NULL PRIMARY KEY AUTOINCREMENT, "created_at" datetime NOT NULL, "updated_at" datetime NOT NULL, "is_used" bool NOT NULL, "duration_to_expire" bigint NOT NULL, "time_to_expire" time NULL, "user_id" bigint NULL UNIQUE REFERENCES "users" ("id") DEFERRABLE INITIALLY DEFERRED, "code" varchar(20) NOT NULL);
CREATE TABLE IF NOT EXISTS "work" ("id" integer NOT NULL PRIMARY KEY AUTOINCREMENT, "created_at" datetime NOT NULL, "updated_at" datetime NOT NULL, "work_code" varchar(100) NULL, "type" varchar(100) NOT NULL, "words" integer NOT NULL, "comment" text NULL, "deadline" datetime NOT NULL, "status" varchar(100) NOT NULL, "is_submitted" bool NOT NULL, "assigned_by_id" bigint NULL REFERENCES "users" ("id") DEFERRABLE INITIALLY DEFERRED, "assigned_to_id" bigint NULL REFERENCES "users" ("id") DEFERRABLE INITIALLY DEFERRED, "author_id" bigint NULL REFERENCES "users" ("id") DEFERRABLE INITIALLY DEFERRED, "uptaken_by_id" bigint NULL REFERENCES "users" ("id") DEFERRABLE INITIALLY DEFERRED, "assigned_is_read" bool NOT NULL, "uptaken_is_read" bool NOT NULL);
CREATE TABLE IF NOT EXISTS "django_admin_log" ("id" integer NOT NULL PRIMARY KEY AUTOINCREMENT, "object_id" text NULL, "object_repr" varchar(200) NOT NULL, "action_flag" smallint unsigned NOT NULL CHECK ("action_flag" >= 0), "change_message" text NOT NULL, "content_type_id" integer NULL REFERENCES "django_content_type" ("id") DEFERRABLE INITIALLY DEFERRED, "user_id" bigint NOT NULL REFERENCES "users" ("id") DEFERRABLE INITIALLY DEFERRED, "action_time" datetime NOT NULL);
CREATE TABLE IF NOT EXISTS "django_session" ("session_key" varchar(40) NOT NULL PRIMARY KEY, "session_data" text NOT NULL, "expire_date" datetime NOT NULL);
DELETE FROM sqlite_sequence;
INSERT INTO sqlite_sequence VALUES('django_migrations',63);
INSERT INTO sqlite_sequence VALUES('bookmarks',0);
INSERT INTO sqlite_sequence VALUES('notifications',0);
INSERT INTO sqlite_sequence VALUES('profiles',0);
INSERT INTO sqlite_sequence VALUES('revisions',0);
INSERT INTO sqlite_sequence VALUES('revision_messages',0);
INSERT INTO sqlite_sequence VALUES('submissions',0);
INSERT INTO sqlite_sequence VALUES('django_content_type',22);
INSERT INTO sqlite_sequence VALUES('auth_permission',88);
INSERT INTO sqlite_sequence VALUES('auth_group',0);
INSERT INTO sqlite_sequence VALUES('users',0);
INSERT INTO sqlite_sequence VALUES('OTP',0);
INSERT INTO sqlite_sequence VALUES('registration_codes',0);
INSERT INTO sqlite_sequence VALUES('work',0);
INSERT INTO sqlite_sequence VALUES('django_admin_log',0);
CREATE INDEX "a_work_defaultwork_user_id_eddef690" ON "default_work" ("user_id");
CREATE INDEX "a_work_defaultwork_work_id_642a8a1b" ON "default_work" ("work_id");
CREATE INDEX "work_files_work_id_33353d57" ON "work_files" ("work_id");
CREATE INDEX "work_images_work_id_27861939" ON "work_images" ("work_id");
CREATE INDEX "bookmarks_user_id_12990ce0" ON "bookmarks" ("user_id");
CREATE INDEX "bookmarks_work_id_1d7e116a" ON "bookmarks" ("work_id");
CREATE UNIQUE INDEX "bookmarks_user_id_work_id_4a8e82cf_uniq" ON "bookmarks" ("user_id", "work_id");
CREATE UNIQUE INDEX "notification_user_notification_id_user_id_ac7c5832_uniq" ON "notification_user" ("notification_id", "user_id");
CREATE INDEX "notification_user_notification_id_6a9ffb5e" ON "notification_user" ("notification_id");
CREATE INDEX "notification_user_user_id_aa6acb57" ON "notification_user" ("user_id");
CREATE INDEX "notifications_triggered_by_id_31cdec21" ON "notifications" ("triggered_by_id");
CREATE INDEX "notifications_work_id_bf3abd5d" ON "notifications" ("work_id");
CREATE INDEX "social_media_links_profile_id_ddf3c767" ON "social_media_links" ("profile_id");
CREATE UNIQUE INDEX "social_media_links_platform_profile_id_0e903b24_uniq" ON "social_media_links" ("platform", "profile_id");
CREATE INDEX "revisions_reviewer_id_cefe8bd0" ON "revisions" ("reviewer_id");
CREATE INDEX "revisions_work_id_64afff66" ON "revisions" ("work_id");
CREATE INDEX "revision_messages_revision_id_ceff0c24" ON "revision_messages" ("revision_id");
CREATE INDEX "revision_messages_sender_id_4680a9f0" ON "revision_messages" ("sender_id");
CREATE INDEX "submissions_sender_id_eee0152c" ON "submissions" ("sender_id");
CREATE INDEX "submissions_work_id_5fcc76e6" ON "submissions" ("work_id");
CREATE INDEX "submissions_claimed_by_id_9b87da88" ON "submissions" ("claimed_by_id");
CREATE UNIQUE INDEX "django_content_type_app_label_model_76bd3d3b_uniq" ON "django_content_type" ("app_label", "model");
CREATE UNIQUE INDEX "auth_group_permissions_group_id_permission_id_0cd325b0_uniq" ON "auth_group_permissions" ("group_id", "permission_id");
CREATE INDEX "auth_group_permissions_group_id_b120cbf9" ON "auth_group_permissions" ("group_id");
CREATE INDEX "auth_group_permissions_permission_id_84c5c92e" ON "auth_group_permissions" ("permission_id");
CREATE UNIQUE INDEX "auth_permission_content_type_id_codename_01ab375a_uniq" ON "auth_permission" ("content_type_id", "codename");
CREATE INDEX "auth_permission_content_type_id_2f476e4b" ON "auth_permission" ("content_type_id");
CREATE UNIQUE INDEX "users_groups_customuser_id_group_id_927de924_uniq" ON "users_groups" ("customuser_id", "group_id");
CREATE INDEX "users_groups_customuser_id_4bd991a9" ON "users_groups" ("customuser_id");
CREATE INDEX "users_groups_group_id_2f3517aa" ON "users_groups" ("group_id");
CREATE UNIQUE INDEX "users_user_permissions_customuser_id_permission_id_2b4e4e39_uniq" ON "users_user_permissions" ("customuser_id", "permission_id");
CREATE INDEX "users_user_permissions_customuser_id_efdb305c" ON "users_user_permissions" ("customuser_id");
CREATE INDEX "users_user_permissions_permission_id_6d08dcd2" ON "users_user_permissions" ("permission_id");
CREATE INDEX "work_assigned_by_id_1629b545" ON "work" ("assigned_by_id");
CREATE INDEX "work_assigned_to_id_e97f084b" ON "work" ("assigned_to_id");
CREATE INDEX "work_author_id_f438d954" ON "work" ("author_id");
CREATE INDEX "work_uptaken_by_id_091a8150" ON "work" ("uptaken_by_id");
CREATE INDEX "django_admin_log_content_type_id_c4bce8eb" ON "django_admin_log" ("content_type_id");
CREATE INDEX "django_admin_log_user_id_c564eba6" ON "django_admin_log" ("user_id");
CREATE INDEX "django_session_expire_date_a5c62663" ON "django_session" ("expire_date");
COMMIT;
